<?xml version="1.0" encoding="iso-8859-1"?>
<platform>
      <transponder orbpos="3592" frequency="11727" symbolrate="28000" fec="7/8" pol="V" system="DVBS" modulation="QPSK"/>
      <transponder orbpos="3592" frequency="11747" symbolrate="28000" fec="5/6" pol="H" system="DVBS" modulation="QPSK"/>
      <transponder orbpos="3592" frequency="11766" symbolrate="28000" fec="7/8" pol="V" system="DVBS" modulation="QPSK"/>
      <transponder orbpos="3592" frequency="11785" symbolrate="28000" fec="7/8" pol="H" system="DVBS" modulation="QPSK"/>
      <transponder orbpos="3592" frequency="11804" symbolrate="30000" fec="3/4" pol="V" system="DVBS2" modulation="8PSK"/>
      <transponder orbpos="3592" frequency="11823" symbolrate="30000" fec="5/6" pol="H" system="DVBS2" modulation="8PSK"/>
      <transponder orbpos="3592" frequency="11843" symbolrate="30000" fec="3/4" pol="V" system="DVBS2" modulation="8PSK"/>
      <transponder orbpos="3592" frequency="11862" symbolrate="28000" fec="7/8" pol="H" system="DVBS" modulation="QPSK"/>
      <transponder orbpos="3592" frequency="11900" symbolrate="28000" fec="5/6" pol="H" system="DVBS" modulation="QPSK"/>
      <transponder orbpos="3592" frequency="11919" symbolrate="28000" fec="7/8" pol="V" system="DVBS" modulation="QPSK"/>
      <transponder orbpos="3592" frequency="11938" symbolrate="28000" fec="7/8" pol="H" system="DVBS" modulation="QPSK"/>
      <transponder orbpos="3592" frequency="11958" symbolrate="28000" fec="7/8" pol="V" system="DVBS" modulation="QPSK"/>
      <transponder orbpos="3592" frequency="11977" symbolrate="30000" fec="3/4" pol="H" system="DVBS2" modulation="8PSK"/>
      <transponder orbpos="3592" frequency="11996" symbolrate="28000" fec="7/8" pol="V" system="DVBS" modulation="QPSK"/>
      <transponder orbpos="3592" frequency="12015" symbolrate="30000" fec="3/4" pol="H" system="DVBS2" modulation="8PSK"/>
      <transponder orbpos="3592" frequency="12034" symbolrate="30000" fec="3/4" pol="V" system="DVBS2" modulation="8PSK"/>
      <transponder orbpos="3592" frequency="12073" symbolrate="28000" fec="7/8" pol="V" system="DVBS" modulation="QPSK"/>
      <transponder orbpos="3592" frequency="12092" symbolrate="28000" fec="7/8" pol="H" system="DVBS" modulation="QPSK"/>
      <transponder orbpos="3592" frequency="12130" symbolrate="28000" fec="7/8" pol="H" system="DVBS" modulation="QPSK"/>
      <transponder orbpos="3592" frequency="12149" symbolrate="28000" fec="7/8" pol="V" system="DVBS" modulation="QPSK"/>
      <transponder orbpos="3592" frequency="12149" symbolrate="30000" fec="3/4" pol="V" system="DVBS2" modulation="8PSK"/>
      <transponder orbpos="3592" frequency="12188" symbolrate="28000" fec="7/8" pol="V" system="DVBS" modulation="QPSK"/>
      <transponder orbpos="3592" frequency="12207" symbolrate="30000" fec="3/4" pol="H" system="DVBS2" modulation="8PSK"/>
      <transponder orbpos="3592" frequency="12226" symbolrate="27500" fec="5/6" pol="V" system="DVBS" modulation="QPSK"/>
      <transponder orbpos="3592" frequency="12265" symbolrate="28000" fec="7/8" pol="V" system="DVBS" modulation="QPSK"/>
      <transponder orbpos="3592" frequency="12284" symbolrate="30000" fec="3/4" pol="H" system="DVBS2" modulation="8PSK"/>
      <transponder orbpos="3592" frequency="12360" symbolrate="30000" fec="3/4" pol="H" system="DVBS2" modulation="8PSK"/>
      <transponder orbpos="3592" frequency="12418" symbolrate="28000" fec="7/8" pol="V" system="DVBS" modulation="QPSK"/>
      <transponder orbpos="3592" frequency="12456" symbolrate="30000" fec="3/4" pol="V" system="DVBS2" modulation="8PSK"/>
      <transponder orbpos="3592" frequency="12527" symbolrate="28800" fec="3/5" pol="H" system="DVBS2" modulation="QPSK"/>
      <transponder orbpos="3592" frequency="12563" symbolrate="28800" fec="3/5" pol="H" system="DVBS2" modulation="QPSK"/>
      <transponder orbpos="3592" frequency="12563" symbolrate="28800" fec="3/5" pol="V" system="DVBS2" modulation="QPSK"/>
      <transponder orbpos="3592" frequency="12687" symbolrate="27500" fec="3/4" pol="H" system="DVBS" modulation="QPSK"/>
      <transponder orbpos="3592" frequency="12687" symbolrate="28800" fec="3/5" pol="V" system="DVBS2" modulation="QPSK"/>
      <transponder orbpos="3592" frequency="12723" symbolrate="27500" fec="3/4" pol="H" system="DVBS" modulation="QPSK"/>
      <transponder orbpos="3592" frequency="12054" symbolrate="30000" fec="3/4" pol="H" system="DVBS2" modulation="8PSK"/>
      <transponder orbpos="3592" frequency="12380" symbolrate="30000" fec="3/4" pol="V" system="DVBS2" modulation="8PSK"/>
      <transponder orbpos="3592" frequency="12245" symbolrate="30000" fec="3/4" pol="H" system="DVBS2" modulation="8PSK"/>
      <transponder orbpos="3592" frequency="12607" symbolrate="28800" fec="3/5" pol="V" system="DVBS2" modulation="QPSK"/>
      <transponder orbpos="3592" frequency="12169" symbolrate="30000" fec="3/4" pol="H" system="DVBS2" modulation="8PSK"/>
</platform>
